Ticker,Market Capitalization (B),P/E Ratio,ROE (%),Debt-to-Equity Ratio,Dividend Yield (%),Revenue Growth (%),EPS Growth (%),Current Ratio,Gross Margin (%)
STK1,187.9,36.42,-8.89,1.04,1.31,23.1,10.18,1.22,50.04
STK2,475.41,29.12,12.51,0.96,1.23,20.58,13.9,2.51,66.38
STK3,366.26,18.93,32.38,0.05,4.53,12.94,-2.49,2.99,63.21
STK4,299.73,41.62,23.93,0.68,1.25,28.24,8.75,0.58,20.77
STK5,78.85,35.81,28.39,0.76,1.36,-1.98,7.15,2.74,20.45
STK6,78.84,12.32,19.53,0.8,3.8,-5.63,14.98,2.06,28.77
STK7,29.98,45.99,21.54,1.16,2.25,24.16,17.18,2.93,35.28
STK8,433.22,42.01,30.95,1.07,3.88,7.57,-9.64,1.66,38.59
STK9,300.96,47.74,-5.02,1.22,0.33,23.88,10.22,2.62,57.58
STK10,354.33,37.66,9.37,1.53,2.44,25.72,-8.44,0.66,13.97
STK11,11.27,32.6,-6.73,1.63,0.17,-7.5,6.47,1.34,12.43
STK12,484.99,23.82,39.26,1.44,0.31,25.34,-1.37,0.67,37.43
STK13,416.39,46.97,36.64,1.91,4.53,7.93,-0.8,2.94,58.8
STK14,106.96,43.97,-17.63,0.04,0.7,10.42,0.59,2.54,23.54
STK15,91.73,7.03,22.33,0.39,2.66,15.06,8.64,2.63,54.91
STK16,92.52,6.19,35.51,0.02,2.06,27.06,0.02,2.84,28.19
STK17,152.82,21.94,-9.17,1.29,1.74,-9.24,11.98,0.71,72.03
STK18,262.85,41.47,14.08,1.8,4.5,9.07,2.14,1.46,72.7
STK19,216.54,49.43,34.93,0.49,0.11,17.51,-7.95,0.68,30.81
STK20,146.32,11.77,-17.96,1.85,3.32,18.91,13.51,1.03,26.1
STK21,306.31,31.74,21.85,0.12,4.82,17.7,-1.43,1.07,38.79
STK22,70.61,22.14,-2.16,1.87,2.8,-4.62,2.98,1.67,26.84
STK23,146.78,48.65,35.46,0.7,4.68,1.98,10.56,1.17,57.07
STK24,183.81,42.9,38.26,0.2,0.26,4.35,-0.03,0.75,67.82
STK25,228.58,42.72,36.66,0.97,2.09,22.18,-8.3,0.92,57.12
STK26,392.8,26.09,8.45,0.51,1.3,1.15,1.22,0.87,67.7
STK27,100.64,23.67,31.72,0.57,3.65,-1.57,18.33,2.93,37.79
STK28,257.6,17.3,30.67,0.61,4.91,28.3,9.25,2.4,20.94
STK29,296.61,7.54,-0.85,1.61,1.28,-9.65,10.14,2.92,61.66
STK30,24.18,43.91,29.73,1.08,3.27,29.91,8.97,1.6,35.23
STK31,304.16,41.58,-17.78,0.62,0.99,17.07,-4.03,1.2,56.99
STK32,86.09,49.99,15.78,1.22,2.83,23.14,2.55,2.5,28.95
STK33,33.46,49.85,-6.2,1.43,2.32,1.78,12.53,1.32,15.69
STK34,474.49,29.99,-12.77,0.55,4.86,-9.43,-6.96,1.25,79.48
STK35,482.85,39.6,-15.38,0.83,3.04,19.51,-1.66,1.08,20.93
STK36,404.39,47.51,21.78,0.24,1.75,23.37,-1.71,0.82,79.19
STK37,153,43.23,0.39,0.36,0.57,19.62,2.96,1.14,78.41
STK38,49.74,16.13,23.49,1.36,0.76,-4.29,19.41,1.39,65.57
STK39,342.43,25.27,-16.08,0.36,1.13,20.14,-7.97,2.18,56.16
STK40,220.64,10.81,-1.08,1.05,1.25,20.76,5.56,0.66,50.45
STK41,61.9,47.93,12.37,1.42,4.25,16.34,-4.62,1.03,70.63
STK42,248.09,32.28,27.44,0.21,2.81,20.64,19.12,2.52,30.26
STK43,18.16,15.29,-0.87,1.13,2.62,23.84,-6.6,0.87,42.74
STK44,454.75,35.23,17.55,0.51,0.57,14.54,2.11,1.36,53.36
STK45,130.13,32.82,33.16,1.93,4.3,-6.46,12.14,2.66,38.78
STK46,331.6,21.12,16.95,0.97,3.61,9.51,11.14,0.89,39.92
STK47,156.54,10.11,-6.02,1.61,0.34,-6.89,2.68,0.71,33.12
STK48,260.51,35.22,-18.54,1.1,3.54,6.3,0.4,1.71,49.5
STK49,273.81,28.41,32.21,0.09,2.72,6.28,1.93,1.26,69.54
STK50,93.24,39.75,-18.72,1.27,0.41,-7.36,-2.07,1.91,24.11
STK51,484.82,28.41,32.48,1.9,2.29,3.95,-3.84,2.51,75.41
STK52,387.79,43.35,11.74,1.2,2.42,-5.56,4.49,0.84,58.24
STK53,469.81,29.84,36.34,1.64,0.83,22.33,-1.94,1.95,67.63
STK54,447.52,30.24,27.93,1.77,4.73,27.91,-1.38,1.76,48.93
STK55,299.35,44.45,39.88,0.46,4.25,-7.11,9.7,0.86,64.57
STK56,461.02,23.16,1.04,0.42,3.35,28.2,19.06,2.06,11.13
STK57,45.16,11.03,26.03,1.22,2.31,10.9,8.11,1.18,67.29
STK58,98.8,6.3,4.12,0.82,2.06,1.98,-7.69,1.72,12.81
STK59,23.57,38.98,8.79,1.68,3.25,-6.93,-7.73,0.71,72.29
STK60,163.34,32.91,17.65,1.8,2.73,10.02,18.54,1.65,79.44
STK61,194.95,36.68,32.42,0.71,0.31,21.78,-1.08,1.27,30.58
STK62,136.4,14.58,39.05,0.47,2.56,18.28,-7.24,2.56,24.72
STK63,414.54,11.14,26.1,1.56,4.03,-7.99,7.97,0.64,63.58
STK64,179.02,5.65,5.07,0.55,2.3,-7.08,8.71,1.55,27.71
STK65,141.19,20.78,5.28,1.65,0.26,6.11,9.46,1.65,70.59
STK66,271.81,31.55,24.25,0.85,3.93,1.81,-1.98,2.31,17.2
STK67,71.32,22.65,-5.67,1.34,1.01,-0.7,-9.55,1.94,18.82
STK68,401.3,24.69,-13.37,0.19,1.29,1.24,18.95,2.17,78.54
STK69,38.2,45.69,1.28,1.25,0.82,22.14,-2.47,2.44,57.17
STK70,493.46,20.67,-2.77,0.9,1.65,27.17,10.28,2.66,69.28
STK71,386.35,28.13,-2.22,1.17,3.78,6.2,11.2,1.28,32.7
STK72,100.16,40.26,-5.98,0.34,2.6,26.24,8.3,1.85,57.35
STK73,3.76,22.84,-17.47,1.47,1.02,2.86,-0.61,2.6,51.6
STK74,407.92,32.99,-18.93,1.73,4.39,9.06,-1.87,2.97,52.22
STK75,353.72,43.81,39.26,0.43,4.4,-0.96,7.93,2.72,57.78
STK76,364.77,47.73,5.67,0.19,4.35,15.62,15.98,1.43,50.28
STK77,385.86,11.62,3.06,0.05,1.19,29.16,18.4,0.99,40.03
STK78,37.95,46.7,20.78,1.28,2.26,14.14,-6.82,1.72,29.31
STK79,179.87,27.15,-6.9,1.21,4.92,4.31,-5.36,2.35,63.8
STK80,58.82,16.62,37,1.09,3.86,15.91,18.34,1.73,25.84
STK81,431.69,25.66,27.18,0.46,0.14,-5.08,12.1,1.71,58.46
STK82,312.03,49.1,-14.64,0.78,0.33,25.55,16.49,2.6,26.33
STK83,166.12,27.17,5.05,1.19,2.32,10.12,-3.92,1.4,53.77
STK84,32.72,19.79,32.75,0.99,4.55,7.97,7.63,2.65,62.3
STK85,156.18,33.5,36.68,1.98,2.69,13.43,11.03,1.52,25.31
STK86,163.27,15.81,8.04,0.27,2.49,14.99,10.4,1.32,14.2
STK87,365.07,8.41,16.8,1.39,0.53,-7.13,2.24,1.63,19.17
STK88,319.14,10.8,-9.98,0.81,3.28,17.3,-9.54,2.41,52.42
STK89,443.72,10.76,39.47,0.86,4.11,-0.32,7.49,0.82,69.46
STK90,236.64,11.84,-6.1,1.44,1.9,18.56,-2.41,0.99,13.15
STK91,60.68,11.25,36.56,1.38,3.88,22.9,3.51,2.88,61.39
STK92,356.91,33.84,18.98,1.98,4.82,22.16,18.73,0.94,33.89
STK93,380.63,13.18,16.46,0.26,1.02,12.1,1.97,1.92,43.5
STK94,281.08,20.56,10.76,0.21,2.62,10.81,15.19,1.95,75.02
STK95,385.71,45.36,-6.16,1.45,1.44,-4.28,-4.34,1.72,33.24
STK96,247.4,26.33,-9.41,1.16,3.96,21.01,10.17,2.11,42.57
STK97,261.84,35.04,-6.77,0.55,2.89,0.86,19.31,1.07,10.96
STK98,214.34,12.75,-8.81,0.16,3.17,9.87,-6.94,1.88,15.71
STK99,13.68,13.65,26.78,0.17,3.99,1.37,-9.75,1.43,28.1
STK100,54.84,6.84,1.01,1.79,1.98,-4.65,3.01,2.15,11.95
STK101,16.68,12.6,-16.53,0.38,4.58,15.18,-7.22,0.85,54.2
STK102,318.57,17.54,38.15,0.65,2.67,-7.83,12.45,1.93,39.85
STK103,157.86,12.97,33.03,0.45,0.79,19.95,17.44,0.96,48.37
STK104,254.78,8.99,35.67,0.71,3.48,2.7,3.02,1.2,22.23
STK105,453.88,10.43,39.69,0.14,3.97,-9.99,-2.24,1.05,30.72
STK106,125.4,25.74,-9.57,1.04,1.58,10.45,3.03,0.96,56.47
STK107,205.78,14.29,3.77,0.14,4.29,-8.13,11.7,2.56,77.57
STK108,378.02,21.39,25.49,1.6,4.53,1.05,-9.73,1.21,13.53
STK109,115.17,27.65,21.76,0.47,1.38,18.28,7.68,2.82,72.33
STK110,39.41,36.07,-10.77,1.08,4.92,-7.49,8.4,2.92,50.38
STK111,145.59,6.77,28.95,1.76,0.7,23.57,9.13,1.93,49.47
STK112,81.45,40.97,-6.53,1.3,1.01,-9.85,-2.74,0.86,45.02
STK113,464.92,33.26,-6.57,1.07,0.92,-0.13,11.42,1.44,14.86
STK114,404.25,8.68,12.22,0.65,4.47,19.64,-7.26,2.49,16.29
STK115,317.07,44.31,15.58,0.67,3.27,2.65,-4.02,1.42,52.06
STK116,435.86,46.44,14.81,1.34,0.76,-5.92,16.32,0.72,33.87
STK117,402.03,7.75,-14.51,1.99,2.2,4.41,12.16,1.89,74.21
STK118,94.1,17.46,32.65,1.32,3.08,0.82,-9.59,2.61,38.46
STK119,446.39,41.28,-4.06,1.12,0.42,23.71,-2.55,2.49,20.03
STK120,270.13,38.67,-12.23,1.46,4.41,2.53,-3.57,0.94,60.03
STK121,403.91,13.3,33.32,0.93,4.02,21.56,-1.88,2.18,30.53
STK122,448.15,14.42,37.34,0.12,2.53,25.67,-2.57,1.05,46.78
STK123,159.68,21.67,31.73,1.12,4.84,7.35,-8.12,1.05,58.85
STK124,55.92,26.8,28.57,1.92,2.09,26.4,3.77,2.69,73.02
STK125,114.74,32.82,19.31,0.35,4.92,5.09,11.98,1.12,65.45
STK126,214.13,21.6,13.05,1.38,3.34,28.56,8.2,1.16,57.35
STK127,409.19,25.81,-14.78,0.4,3.17,-6.43,10.19,0.5,57.57
STK128,430.5,38.64,4.51,1.07,0.83,17.48,-7.57,2.68,76.21
STK129,4.47,6.65,2.36,0.19,4.41,9.75,18.54,2.48,30.71
STK130,255.86,16.36,-4.41,0.9,2.14,5.51,15.15,2.07,10.08
STK131,209.29,37.1,23.41,1.51,0.81,15.31,14.15,2.38,29.04
STK132,111.83,45.28,9.75,0.7,0.06,18.15,14.69,0.88,25.25
STK133,60.81,28.03,-15.14,1.33,2.8,-9.83,17.98,1.65,56.33
STK134,169.47,28.95,-6.79,1.59,2.64,-3.32,6.33,1.38,54.36
STK135,471.51,9.82,21,1.85,3.6,18.52,-3.99,0.73,51.54
STK136,162.28,25.13,-15.43,0.47,4.45,16.66,8.5,1.72,11.14
STK137,259.88,28.97,31.07,0.8,0.4,28.64,12.29,2.8,61.01
STK138,351.81,15.91,9.71,0.3,3.66,20.44,12.14,0.6,32.65
STK139,182.45,17.12,8.84,1.98,0.94,28.03,5.64,1.23,56.55
STK140,485.92,21.98,15.54,1.85,4.29,18.1,-7.95,1.02,48.96
STK141,481.26,5.9,29.48,1.08,4.1,1.92,1.13,1.1,33.99
STK142,126.64,19.49,0.87,1.68,2.7,-5.79,17.62,2.77,19.42
STK143,249.13,14.52,20.68,1.04,3.55,21.27,7.53,1.67,16.61
STK144,151.14,19.74,13.94,1.25,1.57,15.77,6.15,1.67,68.21
STK145,143.14,10.39,-3.98,0.18,2.36,-8.07,-1.93,2.4,74.29
STK146,19.41,45.07,32.72,1.51,4.11,4.4,1.05,0.89,55.49
STK147,305.17,31.71,27.85,0.26,2.3,28.27,16.86,1.72,17.24
STK148,251.84,35.56,19.51,1.65,1.79,10.02,9.99,1.57,38.14
STK149,26.69,40.51,31.03,1.56,2.47,7.31,13.62,1.99,61.03
STK150,140.04,27.43,32.04,1.42,4.14,8.31,3.63,3,64.59
STK151,454.22,8.91,22.5,0.07,1.68,-1.64,8.91,2.42,18.28
STK152,120.54,29.17,30.22,0.61,0.87,4.75,-2.55,1.49,10
STK153,73.3,31.41,21.85,0.53,3.56,4.79,11.16,2.57,59.85
STK154,245.24,38.54,20.81,0.72,4.13,-7.91,2.83,0.93,34.96
STK155,492.84,24.42,17.12,0.18,0.5,20.7,3.28,0.58,27.81
STK156,121.79,10.74,25.16,1.87,1.2,6.66,9.48,1.01,10.9
STK157,336.4,17.77,-10.48,1.11,0.71,22.89,18.09,1.35,47.82
STK158,381.05,21.34,32.85,0.61,1.74,24.01,-8.08,1.78,69.58
STK159,119.58,34.07,32.31,0.79,2.25,-1.52,14.74,2.04,77.03
STK160,364.38,30.69,-18.25,0.89,3.74,16.29,-1.23,2.78,49.6
STK161,184.52,21.02,29.55,1.2,3.26,8.89,3.32,1.77,46.01
STK162,316.52,49.39,-12.27,1.03,3.1,25.21,-9.34,1.75,15.95
STK163,317.13,32.26,0.11,1.84,1.76,-1.37,-0.97,0.63,48.42
STK164,268.35,15.68,24.61,0.99,4.21,17.11,5.08,0.59,36.6
STK165,46.05,9.58,-10.35,1.98,2.36,14.31,-8.31,1.88,52.5
STK166,417.82,11.88,29.08,1.7,4.9,1.81,4.73,1.6,37.21
STK167,161.07,16.07,29.93,0.42,3.17,-4.54,17.81,2.6,26.82
STK168,94.07,12.23,10.45,1.86,0.63,16.07,-6.84,0.9,16.65
STK169,21.35,13.4,-19.62,0.23,3.38,19.54,12.93,0.56,32.04
STK170,295.86,17.83,-2.78,1.63,1.63,2.63,2.29,1.62,16.77
STK171,339.1,12.8,17.02,0.76,3.43,15.79,9.66,1.09,22.38
STK172,9.28,45.35,38.87,1.76,0.35,5.81,-2.19,0.62,79.11
STK173,256.53,8.61,17.91,1.74,0.87,18.53,-5.22,2.31,41.09
STK174,114.02,28.6,-4.41,1.61,4.28,-2.03,-5.19,0.78,47.23
STK175,322.94,23.47,18.04,1.58,1.14,25.61,-7.89,2.02,71.15
STK176,88.01,49.21,12.4,0.61,4.19,1.5,-4.43,1.2,79.69
STK177,345.78,10.04,26.79,0.16,1.4,4.71,9.93,0.93,50.79
STK178,193.98,22.9,-13.58,0.81,3.21,-7.68,16.45,1.45,66.87
STK179,468.43,48.63,25.66,0.35,3.47,-5.54,14.42,2.5,32.89
STK180,69.62,43.95,12.48,1.39,2.56,10.63,10.55,1.48,31.4
STK181,171.19,41.77,37.78,0.69,1.53,0.7,-6.69,2.38,38.19
STK182,57.62,16.61,0.51,1.95,1.06,23.42,-1.32,0.81,57.08
STK183,462.42,12.69,17.96,1.28,0.17,-9.41,-0.71,2.43,57.75
STK184,438.79,35.09,35.92,1.64,1.52,5.16,-2.5,1.09,32.07
STK185,129.71,46.82,-13.85,0.27,3.27,3.49,5.45,2.19,19.32
STK186,330.33,30.05,36.23,1.72,4.69,-9.23,6.07,1.91,54.27
STK187,408.79,30.72,21.27,1.85,4.36,-5.03,0.71,2.82,18.98
STK188,278.05,17.6,-15.93,0.97,3.83,6.55,0.61,1.47,50.49
STK189,265.3,39.63,-1.94,1.21,3.94,9.71,14.86,0.67,58.54
STK190,121.68,13.42,22.49,1.53,3.32,6.17,13.68,0.55,59.04
STK191,47.46,19.57,-15.96,0.35,1.3,11.24,-0.77,2.57,62.74
STK192,448.71,24.14,14.93,1.01,4.54,13.81,17.41,1.81,71.1
STK193,450.31,27.84,0.75,0.8,3.35,-9.6,18.58,2.44,45
STK194,316.92,15.91,17.25,0.29,2.8,8.56,-0.2,1.09,61.12
STK195,170.18,10.17,-17.26,0.74,0.55,28.54,0.63,1.36,53.34
STK196,175.26,32.48,32.29,0.14,2.24,10.76,5.17,0.58,23.06
STK197,363.25,17.99,38.41,0.05,2.3,17.1,18.23,2.9,11.8
STK198,448.66,31.16,38.13,0.27,4.32,2.47,16.29,2.17,29.92
STK199,443.66,11.95,24.98,1.93,2.73,20.96,-6.92,2.83,41.01
STK200,390.16,26.65,-12.19,1.1,1.9,20.92,1.78,1.16,53.2
STK201,321.37,28.97,25.5,1.93,4.88,10.85,6.6,2.03,69.5
STK202,42.99,7.33,-18.52,0.86,0.55,29.04,5.09,2.2,23.74
STK203,81.65,20.15,-18.67,0.62,2.11,-4.98,-4.18,1.29,18.79
STK204,449.38,11.05,-0.58,1.01,0.21,-9.32,15.76,2.62,77.44
STK205,303.61,7.85,9.32,0.88,3.7,20.81,10.31,2.87,17.56
STK206,5.59,49.55,26.22,0.21,4.59,22.29,15.14,2.71,43.49
STK207,51.63,19.51,21,1.28,1.4,-5.19,15.76,2.35,50.99
STK208,332.09,41.44,6.75,0.43,4.29,0.62,12.45,1.19,47.9
STK209,3.53,16.46,-3.58,1.24,1.46,-9.3,3.18,1.2,16.02
STK210,81.24,35.67,39.83,1.3,4.55,1.73,8.32,2.91,13.99
STK211,274.82,39.21,5.57,0.3,3.77,20.93,-5.19,0.53,17.38
STK212,346.26,31.8,7.08,0.12,4.02,10.72,10.21,2.29,50.99
STK213,326.33,26.22,-10.18,1.56,0.09,3.92,-4.62,2.27,48.1
STK214,112.91,23.53,27.69,0.92,4.81,4.87,10.82,2.06,26.36
STK215,356.38,20.7,21.62,0.12,3.63,-9.95,-3.11,2.98,54.64
STK216,119.39,46.83,-6.75,1.99,1.52,1.99,-6.47,1.28,67.4
STK217,163.37,42.38,-15.06,0.12,4.15,15.86,-5.04,1.35,12.91
STK218,373.5,48.43,20.83,1.39,1.41,28.97,-9.94,0.7,44.87
STK219,325.17,10.59,19.27,1.97,4.36,23.88,11.56,1.61,58.25
STK220,424.76,37.89,-3.6,0.48,0.56,-9.06,11.97,1.15,27.66
STK221,329.15,47.23,37.05,0.28,3.52,25.94,5.45,1.36,31.54
STK222,284.59,13.16,-10.94,0.24,2.7,21.33,-5.16,2.59,52.95
STK223,47.74,7.99,5.94,0.61,0.48,21.22,-7.49,2.84,72.86
STK224,184.49,38.35,36.62,0.2,1.21,8.32,-9.43,0.96,66.69
STK225,133.34,30.85,5.18,1.38,0.06,5.92,-5.03,1.43,50.82
STK226,122.75,42.88,18.31,0.12,2.34,2.12,16.73,2.82,61.12
STK227,486.53,11.29,3.86,1.02,1.51,-7.37,-2.75,0.65,35.54
STK228,197.16,40.79,-3.55,1.99,2.99,-0.87,0.63,0.73,54.87
STK229,446.13,14.07,39.04,1.63,1.49,-0.14,-6.84,0.91,42.63
STK230,315.94,12.36,4.56,1.23,1.5,9.36,-3.33,1.99,23.3
STK231,397.61,12.39,33.65,0.61,3.72,19.9,5.58,0.88,59.12
STK232,251.82,41.66,-6.2,1.25,0.24,8.95,8.23,2.92,48.95
STK233,288.88,34.93,-7.21,1.05,4.51,-7.69,-2.64,1.62,35.1
STK234,246.77,28.54,-18.13,0.85,4.26,28.31,-8.27,1.75,73.79
STK235,98.43,21.15,19.1,0.26,3.34,27.71,1.73,1.12,11.47
STK236,361.5,44.47,2.11,1.77,2.97,21.41,-2.97,1.68,32.1
STK237,141.11,22.66,31.86,0.9,4.46,29.65,-3.41,2.15,13.98
STK238,13.13,41.75,8.39,0.39,0.93,11.78,18.8,2.38,63.66
STK239,323.09,24.76,38.09,0.74,0.39,28.51,8.49,2.38,59.15
STK240,89.38,21.96,-8.87,0.83,1.2,-6.98,6.71,1.94,33.19
STK241,470.29,25.82,32.12,1.66,3.97,4.63,2.47,2.76,57.3
STK242,477.01,18.56,26.6,1.47,0.17,-0.98,2.87,2.54,37.72
STK243,457.52,38.64,26.26,1.54,2.91,-2.17,6.23,2.39,62.94
STK244,185.71,27.62,30.69,0.02,4.98,-4.37,10.89,0.64,41.79
STK245,8.71,15.45,25.66,0.83,4.28,14.9,11.06,0.52,38.86
STK246,464.23,45.48,17.57,0.96,2.61,21.25,-4.85,1.03,75.43
STK247,214.66,22.28,-12.13,0.04,0.32,13.13,5,2.16,27.56
STK248,483.36,29.46,-18.05,0.52,4.16,-4.12,2.36,1.53,18.43
STK249,481.85,45.79,35.25,1.52,2.99,22.44,16.12,1.51,50.92
STK250,426.65,33.09,17,0.27,0.57,15.44,8.94,2.71,77.85
STK251,147.93,10.26,27.79,1.07,0.47,5.53,5.98,2.74,36.45
STK252,193.16,47.29,8.89,0.43,4.55,16.97,-6.54,2.77,14.34
STK253,425.72,33.25,-12.96,0.02,3.35,0.4,8.17,1.28,33.75
STK254,159.14,20.07,-12.49,0.48,4.15,3.81,-6.48,2.23,45.42
STK255,85.58,11.27,21.13,1.95,4.39,26.7,0.12,1.18,21.33
STK256,278.84,40.73,5.82,1.6,2.86,1.62,-5.71,0.98,56.07
STK257,468.14,32.9,-7.97,1.92,2.59,8.8,10.76,0.96,79.84
STK258,348.32,29.01,9.5,0.98,2.15,25.61,-3.81,1.36,41.62
STK259,285.46,45.23,-16.15,0.22,1.58,18.31,1.76,1.57,34.83
STK260,49.49,40.49,14.92,1.1,2.17,-7.51,16.87,2.58,38.05
STK261,307.89,11.83,-3.86,0.91,3.87,-4.11,-3.87,0.8,18.06
STK262,495.04,19.03,27.85,1.69,3.01,-9.69,5.23,2.34,71.83
STK263,70.9,16.18,-1.38,0.2,4.46,15.24,2.58,1.83,39.04
STK264,259.65,38.48,7.31,0.98,2.22,7.91,-9.46,1.22,37.11
STK265,438.81,6.51,-19.3,0.3,3.04,-4.63,13.78,1.73,56.18
STK266,370.64,30.65,-15.65,0.65,3.16,28.32,-7.93,1.25,40.94
STK267,348.81,39.31,3.55,1.47,2.96,11.19,4.23,1.99,55.38
STK268,351.54,44.45,8.8,0.95,3.51,-0.32,6.82,1.58,14.3
STK269,180.39,20.39,16,0.75,1.19,10.02,8.85,0.91,66.96
STK270,147.5,41.96,-2.5,0.79,2.56,17.18,10.66,0.79,75.84
STK271,404.87,9.98,21.7,0.92,0.52,-6.95,-2.4,1.87,55.41
STK272,405.25,43.09,31.61,1.57,1.92,0.99,-9.7,2.76,76.82
STK273,433.67,10.74,26.79,1.78,2.44,22.28,11.7,1.36,20.6
STK274,456.71,22.88,-17.62,1.91,3.26,8.39,6.07,2.33,43.42
STK275,256.16,40.88,8.83,1.57,4.75,11.86,15.08,2.15,52.13
STK276,251.26,11.75,-13.7,0.63,3,7.31,14.64,2.83,50.72
STK277,399.35,15.32,-5.48,1.38,3.72,-8.24,15.3,2.55,38.1
STK278,325.33,37.5,39.2,0.88,2.53,-3.37,4.55,1.92,33.67
STK279,351.28,37.4,-11.45,0.51,3.17,7.82,0.01,2.14,18.88
STK280,398.1,33.85,9.93,1.68,0.35,-1.63,13.75,2.75,37.42
STK281,445.11,36.23,17.09,0.08,1.27,-8,3.54,1.5,21.39
STK282,169.66,29.42,22.15,1.8,1.81,23.75,-4.5,1.32,61.41
STK283,188.42,16.33,13.58,0.92,2.36,29.25,15.65,0.53,24.62
STK284,47.9,20.56,-19.41,1.27,0.23,21.73,16.48,2.57,14.1
STK285,289.56,13.17,-0.41,1.32,0.7,24.15,3.99,2.5,48.67
STK286,18.94,45.88,11.06,1.79,1.38,-0.32,-7.73,0.76,51.67
STK287,233.33,31.25,-14.73,1.27,4.86,28.43,1.63,1.94,71.03
STK288,271.78,23.04,1.04,1.23,1.66,-2.12,14.11,1.66,50.39
STK289,143.98,25.79,-18.01,0.13,2.41,28.06,17.05,0.8,34.18
STK290,295.83,47.63,-15.29,1.04,0.98,29.79,-3.9,2.95,66.21
STK291,16.22,11.9,3.82,0.3,3.05,18.47,-7.99,1.04,47.82
STK292,19.64,31.38,-12.04,1.47,1.4,29.25,16.32,0.67,15.55
STK293,411.48,27.76,14.05,1.02,1.03,12.78,1.68,1.99,49.61
STK294,180.74,32.52,21.37,1.36,2.58,0.38,6.25,2.35,73.56
STK295,64.4,5.81,28.04,0.08,0.03,7.48,19.04,0.58,37.74
STK296,261.6,44.25,-7.99,0.17,0.04,13.74,-8,2.15,30.74
STK297,385.23,46.95,-9.95,1.43,1.1,-7.08,9.45,1.83,20.04
STK298,108.69,30.43,-13.73,0.14,0.18,14.89,-7.78,0.76,20.6
STK299,311.82,36.35,18.19,0.14,0.54,29.25,1.26,0.93,40.29
STK300,43.59,46.51,22.39,0.02,1.69,-2.4,14.11,1.92,51.7
STK301,26.79,36.83,-18.1,1.91,4.01,21.7,3,1.24,15.64
STK302,266.15,11.86,36.17,1.48,2.86,26.32,19.92,2.85,75.77
STK303,270.78,30.93,-16.88,0.71,2.56,27.75,6.77,2.55,62.86
STK304,319.08,32.3,12.48,0.59,1.47,28.41,-0.37,2.96,51.06
STK305,363.32,24.09,22.54,0.7,4.66,10.86,-3.4,1.15,67.99
STK306,487.95,38.14,32.26,1.55,1.99,29.09,0.52,2.92,15.61
STK307,258.63,47.05,22.85,1.32,0.44,20.29,1.18,1.58,43.38
STK308,162.16,46.65,28.1,0.37,3.09,-3.53,-7.94,1.37,54.11
STK309,397.8,25.29,0.37,0.35,0.57,9.08,1.09,0.63,68.01
STK310,136.15,10.1,28.89,0.2,1.73,18.73,3.93,0.63,64.84
STK311,220.05,49.32,-15.19,1.32,2.54,-0.11,11.68,2.23,29.39
STK312,40.15,42.75,33.69,1.53,4.37,15.62,9.7,1.64,75.86
STK313,13.65,10.61,12.86,0.53,2.47,16.66,11.26,1.07,18.7
STK314,481.36,46.44,29.04,0.04,3.51,-3.49,-9.75,2.03,71.26
STK315,418.15,44.15,7.14,0.16,4.96,12.6,-3.47,1.13,77.97
STK316,348.29,28.35,18.61,1.94,0.66,20.87,9.85,1.94,22.4
STK317,205.07,31.61,11.58,0.59,1.37,9.96,4.52,1.4,60.54
STK318,87.47,22.96,23.9,1.54,1.97,-9.52,-9.84,2.56,12.82
STK319,79.06,7.46,-15.1,1.25,2.11,-9.64,14.13,2.55,38.38
STK320,125.87,20.08,-16.38,0.76,2.06,4.28,13.18,1.69,46.14
STK321,275.06,41.13,-5.17,0.41,4.54,27.05,6.45,1.38,50.65
STK322,357.58,5.21,-10.43,0.24,3.57,-0.85,-8.01,1.41,75.52
STK323,330.44,20.01,32.31,1.23,3.04,15.37,13,2.51,57.06
STK324,140.69,22.92,-6.85,1.55,1.55,-1.12,7.51,1.32,43.69
STK325,477.48,29.18,38.55,1.29,4.12,2.87,13.46,1.02,66.68
STK326,369.21,46.39,0.21,1.06,4.78,23.92,12.55,0.71,76.54
STK327,277.62,20.59,-9.07,0.08,4.11,19.15,14.09,1.67,11.54
STK328,306.25,20.61,27.38,1.94,0.01,-6.18,5.54,1.71,78.78
STK329,210.38,38.19,19.52,1.6,3.18,7.15,-5.79,2.6,16.03
STK330,124.62,25.35,9.89,0.59,0.26,-8.83,10.13,1.05,67.01
STK331,178.63,15.11,13.32,1.96,1.29,9.24,8.61,1.45,29.62
STK332,379.17,25.36,23.15,1.2,0.3,16.5,12.27,2.52,19.25
STK333,8.18,11.34,-6.29,1.16,3.02,-5.26,-4.9,2.56,40.79
STK334,58.92,12.94,39.78,1.5,3.43,1.56,-4.15,1.46,55.08
STK335,23.96,27.43,38.49,1.62,0.57,5.91,16.71,1.65,36.67
STK336,21.32,23.85,19.02,1.31,1.92,26.78,12.5,1.26,13.82
STK337,427.87,46.17,-8.03,0.26,2.28,29.73,17.25,2.83,51.96
STK338,352.13,21.31,20.81,0.68,1.85,-8.2,12.76,0.8,73.17
STK339,237.61,31.13,-15.67,1.86,0.61,20.44,7.91,2.83,36.83
STK340,49.82,33.45,-18.16,0.45,2.09,4.87,9.62,2.21,25.14
STK341,246.32,5.59,-4.54,0.74,3.76,5.7,16.67,1.83,40.98
STK342,237.26,34.86,7.76,0.86,0.36,20.17,7.36,0.58,13.39
STK343,87.43,13.01,32.1,0.88,0.4,26.74,8.97,1.69,67.43
STK344,217.49,48.25,23.63,1.23,1.77,28.04,-5.31,1.52,67.84
STK345,199.85,11.69,24.56,1.89,4.71,13.08,4.22,0.9,51.16
STK346,308.31,23.66,5.53,0.48,3.34,4.28,11.49,2.14,34.72
STK347,317.91,8.84,0.76,0.24,3.39,21.5,-1.87,2.93,65.98
STK348,23.61,49.86,2.26,0.39,1.81,0.04,-3.93,1.91,48.83
STK349,187.93,27.6,39.26,1.77,2.97,12.56,-0.59,2.29,67.82
STK350,313.3,31.79,-17.59,1.29,0.05,4.34,-2.75,0.67,54.2
STK351,252.06,8.02,32.02,0.57,3.18,16.27,-3.55,1.54,64.91
STK352,428.39,38.75,14.72,1.63,4.57,-0.38,2.75,0.79,51.9
STK353,329.69,14.45,6.32,1.72,3.06,-2.34,17.24,2.03,38.99
STK354,82.3,45.41,23.52,1.69,4.37,26.73,5.21,2.85,77.06
STK355,36.21,14.23,9.2,1.84,3.62,-5.93,-4.36,2.15,47.88
STK356,321.57,13.58,32.41,0.5,0.6,10.24,-7.69,0.69,52.36
STK357,14.23,6.64,34.04,1.51,4.51,-1.17,10.88,1.39,25.43
STK358,293.3,26.24,5.3,0.92,0.33,-8.44,1.48,1.88,53.8
STK359,470.17,30.42,-3.39,1.68,2.67,-8.56,14.65,1.51,50.01
STK360,288.16,7.96,15.54,1.46,0.71,-2.99,9.79,2.58,22.94
STK361,194.7,39.9,34.74,1.55,0.06,24.67,13.89,2.54,14.17
STK362,322,25.4,-7.36,1.31,2.11,1.3,-1.84,2.03,52.31
STK363,229.67,28.6,17.38,0.35,1.48,28.02,10.77,1.43,63.46
STK364,273.26,24.83,17.89,1.09,2.43,13.26,-2.08,1.14,46.64
STK365,470.79,23.03,23.99,1.97,2.89,7.46,18.17,0.76,25.87
STK366,193.67,30.18,-12.11,1.87,0.22,13.2,9.09,1.39,56.66
STK367,480.63,11.99,22.95,0.09,0.62,10.67,-0.26,1.53,15.61
STK368,452.77,13.19,34.54,0.33,2.79,20.35,-1.91,2.19,40.93
STK369,98.7,43.78,-9.22,0.26,1.72,1.3,-4.27,2.15,21.44
STK370,35.61,47.58,-5.75,1.45,3.65,4.12,10.84,0.68,22.91
STK371,51.29,21.8,38.28,1.64,3.26,25.76,-3.44,1.49,24.16
STK372,10.09,17.18,-9.14,0.43,4.23,27.86,7.86,0.95,37.07
STK373,48.13,33.98,31.26,1.01,3.46,25.7,-2.06,0.89,13.58
STK374,341.82,23.39,9.54,1.68,2.15,6.78,9.86,2.57,37.85
STK375,36.52,6.14,-5.17,1.47,3.36,21.21,14.45,0.6,45.82
STK376,160.17,12.03,32.24,1.08,1.38,9.05,13.34,1.55,43.83
STK377,422.59,37.22,6.72,1.18,1.53,9.9,12.83,0.92,36.79
STK378,12.61,34.65,10.89,1.02,3.94,-1.81,-4.37,2.7,68.74
STK379,407.42,6.22,1.55,0.6,2.23,13.65,-7.35,1.89,20.17
STK380,141.65,14.99,15.58,1.13,3.99,-2.55,10.97,1.08,45.4
STK381,59.96,15.4,-10.19,1.38,4.11,3.26,1.05,1.76,14.34
STK382,348.67,35.24,3.46,1.75,4.29,24.2,2.97,2.33,14.98
STK383,314.84,5.89,38.16,1.27,4.58,-1.72,-9.07,2.9,50.17
STK384,438.86,9.68,-4.51,1.52,2.15,-7.15,-2.21,1.05,49.62
STK385,367.8,41,19.4,0.32,1.59,-7.24,-8.99,2.72,71.46
STK386,401.94,13.03,-0.49,0.92,2.91,27.63,16.38,2.84,49.05
STK387,141.74,34.37,26.41,0.02,1.86,10.28,-2.7,2.79,77.19
STK388,89.54,15.72,-12.15,0.49,3.01,6.38,6.72,2.09,13.41
STK389,375.56,9.47,38.19,1.45,3.53,22.44,-8.83,2.07,16.86
STK390,403.61,15.94,7.23,1.98,3.44,23.43,10.01,1.51,13.08
STK391,495.26,37.5,-5.84,0.2,1.87,3.29,-0.31,2.38,22.97
STK392,206.9,43.51,-15.59,0.8,0.83,17.74,16.94,1.83,47.89
STK393,186.64,42.36,-9.81,1.6,2.15,20.84,16.64,2.19,55.19
STK394,388.43,22.87,11.19,0.41,0.71,16.19,-0.24,1.57,13.19
STK395,171.06,35.06,0.22,1.11,4.45,-3.94,17.03,2.33,76.22
STK396,465.45,14.22,29.73,1.47,1.73,25.04,19.88,2.56,68.95
STK397,429.35,18.19,5.85,1.23,0.77,11.56,14.76,0.87,30.76
STK398,215.07,45.34,-5.08,0.38,0.13,1.3,15.35,2.58,15.4
STK399,375.68,5.59,17.03,0.71,3.23,7.01,-2.53,1.85,21.89
STK400,377.52,8.85,22.41,1.57,3.18,-8.5,7.3,2.61,18.89
STK401,52.46,14.35,-9.98,1.11,1.7,-4.89,-7.98,1.58,18.63
STK402,451.37,6.19,-9.94,0.01,0.36,20.62,-7.15,1.45,46.3
STK403,253.12,13.16,-17.8,1.52,2.05,-10,19.97,2.79,27.21
STK404,413.4,31.24,24.18,0.07,1.56,6.66,-0.2,1.13,35.07
STK405,160.7,23.96,19.83,1.49,3.39,10.9,12.45,2.61,79.27
STK406,447.87,45.17,8.48,0.4,3.03,-7.81,14.2,1.71,57.9
STK407,195.21,41.78,30.65,1.92,1.82,28.92,15.74,1.79,76.43
STK408,6.41,20.38,28.34,0.74,1.09,-0.95,19.93,1.27,19.98
STK409,452.79,16.67,15.12,0.65,4.94,2.17,-2.76,1.93,36.75
STK410,46.55,22.09,32.1,0.3,2.27,2.16,-8.79,1.31,48.83
STK411,160.34,31.56,-7.65,0.61,3.44,-0.78,2.34,0.6,15.37
STK412,475.08,17.06,-13.28,1.75,0.7,-9.94,-6.1,1.18,10.29
STK413,475.35,33.09,-3.82,1.99,2.43,19.17,-9.33,0.52,56.93
STK414,287.15,23.42,-16.57,0.74,0.14,28.67,0.81,2.95,54.93
STK415,316.29,29.84,11.87,0.9,2.53,-1.03,13.51,2.91,38.76
STK416,224.77,24.63,36.2,1.44,4.82,16.52,6.99,1.49,44.28
STK417,147.31,18.25,-17.64,1.77,1.92,19.68,-0.62,2.32,39.08
STK418,165,47.68,-12.67,1.19,0.19,23.94,9.63,1.36,11.68
STK419,336.59,39.36,7.13,0.78,0.15,6.91,-3.04,2.18,33.48
STK420,376.43,11.31,36.03,0.83,1.94,2.12,-9.57,2.51,22.4
STK421,396,44.08,-1.03,1.39,0.8,3.01,12.93,2.87,16.89
STK422,395.02,26.93,10.43,0.01,0.12,18.5,8.71,1.5,76.97
STK423,46.51,45.25,-17.51,1.24,3.78,22.67,12.87,2.46,51.96
STK424,247.72,40.99,-11.1,0.71,2.29,-2.74,-8.83,1.16,61.01
STK425,29.72,24.13,39.2,1.59,1.45,4.84,15.11,2.98,32.08
STK426,275.21,6.01,37.91,0.19,4.5,26.08,8.59,0.56,37.52
STK427,221.32,17.09,-19.7,1.18,0.58,22.27,6.9,2.01,26.58
STK428,443.96,29.37,37.11,0.96,4.78,29.39,8.74,2.15,16.79
STK429,176.11,33.51,18.35,1.28,1.57,20.17,15.93,2.22,22.53
STK430,59.42,16.6,32.08,0.13,4.44,5.73,7.61,0.8,65.83
STK431,72.35,11.27,7.28,1.16,3.01,13.63,7.43,2.85,57.43
STK432,380.99,42.57,10.94,1.12,4.13,16.44,19.72,0.95,48.29
STK433,309.49,49.3,9.33,1.12,4.92,-6.86,12.7,2.06,43.26
STK434,51.46,28.66,20.01,1.21,1.44,11.78,3.27,1.06,74.57
STK435,42.97,12.73,-11.62,1.35,4.81,18.37,11.22,1.27,15.09
STK436,350.78,17.25,-18.2,1.61,1.95,-3.31,1.68,1.87,29.64
STK437,37.31,5.83,-1.52,0.54,1.93,21.23,-3.13,1.54,34.5
STK438,411.11,46.14,22.28,1.65,1.7,13.35,7.91,0.9,64.77
STK439,353.41,10.3,-7.89,1,2.71,28.09,17.85,0.93,79.48
STK440,41.59,30.94,20.41,0.15,0.77,-8.3,17.87,1.55,26.85
STK441,43.33,17.33,38.19,0.12,2.77,0.61,0.26,2.39,71.2
STK442,493.33,29.94,-14.37,0.67,2.71,14.06,5.83,2.74,68.14
STK443,187.76,34.31,20.36,1.57,3.81,1.86,-3.65,0.71,25.73
STK444,185.95,42.34,6.63,1.42,4.17,18.58,19.87,1.48,37.95
STK445,406.59,14.29,32.09,1.58,2.2,20.36,19.43,0.75,38.68
STK446,473.68,5.49,-9.37,1.03,1.51,-5.9,9.49,0.54,78.48
STK447,493.01,11.16,21.56,0.88,1.3,10.55,14.13,2.15,22.66
STK448,376.94,45.5,30.29,0.29,0.97,10.36,11.45,2.01,65.94
STK449,188.75,44.33,36.68,0.66,0.29,4.77,7.79,0.91,33.39
STK450,42.67,31.88,20.99,0.87,1.71,27.32,-8.4,1.08,61.16
STK451,388.8,32.02,9.83,0.18,1.35,23.1,3.64,0.56,39.4
STK452,279.64,34.93,17.07,0.44,4.83,17.89,10.24,2.59,50.49
STK453,212.69,12.89,32.13,1.2,2.79,18.57,10.33,2.94,68.28
STK454,453.27,46.15,14.24,1.47,1.74,8.47,1.19,0.84,66.29
STK455,56.49,23.84,-18.18,2,2.9,26.84,18.25,1.08,70.65
STK456,246.82,22.24,35.86,1.87,0.7,17.78,-4.98,2.67,14.17
STK457,6.67,28.35,21.37,1.29,2.22,19.16,5.01,2.82,58.44
STK458,234.86,7.11,20.59,0.84,3.13,24.47,10.73,1.55,19.8
STK459,29.1,12.48,-7.06,1.27,2.44,0.96,10.91,0.63,39.11
STK460,60.29,38.21,19.53,1.57,2.01,22.28,9.46,0.6,48.4
STK461,59.65,8.73,3.63,0.24,4.97,-2.19,-1.74,1.93,38.19
STK462,324.96,32.14,19.07,0.82,4.4,3.81,-5.31,1.48,46.37
STK463,373.28,16.04,-13.6,1.68,3.12,3.42,9.08,0.57,79.76
STK464,292.1,22.52,19.47,0.77,2.85,29.14,7.98,1.96,19.47
STK465,481.12,17.99,39.96,1.14,3.1,24.26,-4.62,0.53,57.28
STK466,188.06,21.01,-17.11,1.18,1.01,18.05,11.15,2.47,37.72
STK467,143.57,37.36,38.63,0.37,1.98,19.08,3.66,1.27,19.31
STK468,434.43,18.37,4.41,0.72,0.2,12.48,10.03,0.6,21.11
STK469,112.57,30.49,32.25,0.67,2.38,27.88,15.12,1.97,76.45
STK470,481.65,26.42,26.94,0.05,2.72,9.85,-4.91,1.49,71.57
STK471,7.07,34.87,14.02,0.05,1.14,5.22,-9.43,2.93,73.49
STK472,484.97,47.16,24.31,1.66,4.82,-3.48,13.37,1.86,79.41
STK473,22.54,37.97,32.71,0.55,4.55,21.45,8.29,1.19,24.58
STK474,445.68,14.67,4.25,1.04,3.61,19.38,10.99,2.27,34.88
STK475,264.32,6.4,-0.38,0.6,2.67,5.37,15.14,1.18,56.85
STK476,496.49,16.8,20.06,1.88,4.35,-8.99,14.08,2.76,43.87
STK477,37.82,31.78,28.47,0.52,0.65,23.56,18.83,1.44,39.29
STK478,277.37,7.31,25.74,0.86,3.95,-9.54,6.08,1.87,35.05
STK479,484.68,27.34,27.87,1.75,0.62,18.15,4.65,0.63,51.56
STK480,262.03,31.86,6.13,1.68,3.97,28.81,2.06,1.57,50.29
STK481,315.07,20.04,29.07,0.37,1.38,7.51,-5.39,2.58,21.3
STK482,348.18,39.69,-12.79,1.61,4.39,-0.6,7.18,2.51,43.02
STK483,227.82,9.8,12.67,0.92,4.72,18.19,-1.69,1.06,48.74
STK484,314.15,8.38,-19.65,0.97,0.74,22.69,17.64,1.07,49.92
STK485,292.57,37.77,-0.52,0.27,2.31,11.86,7.5,2.54,24.71
STK486,450.68,27.3,1.99,0.16,4.9,28.68,7.79,2.83,61.96
STK487,23.68,35.98,3.77,1.46,2.42,-7.93,0.65,0.74,11.76
STK488,141.2,24.57,21.73,0.99,4.32,10.19,-8.44,1.63,34.84
STK489,475.26,16.09,3.31,0.87,2.94,18.74,-9.05,1.34,64.61
STK490,445.24,41.86,6.92,1.46,1.88,24.51,2.7,2.68,49.47
STK491,228.37,40.97,-5.75,1.53,1.43,-2.83,-7.46,0.71,28.28
STK492,310.45,36.26,2.4,0.32,1.02,22,8.21,1.03,58.65
STK493,139.41,17.25,-6.36,1.22,3.81,12.11,16.43,2.38,49.72
STK494,94.87,31.56,-15.61,0.27,1.93,5.86,16.49,0.63,65.74
STK495,232.39,21.24,16.21,1.5,2.56,-4.73,9.77,1.73,61.45
STK496,177.32,9.12,20.09,1.31,2.46,24.61,-3.66,1.61,52.71
STK497,292.24,46.28,17.17,1.91,2.89,-3.71,15.89,1.34,44.17
STK498,39.79,11.16,7.81,0.14,4.33,2.39,16.58,1.49,19.32
STK499,487.22,47.76,2.79,0.11,4.9,1.6,-4.1,1.82,28.29
STK500,493.12,25.07,31.8,0.56,2.04,24.86,12.12,0.9,39.34